<?xml version="1.0" encoding="UTF-8"?>
<!DOCTYPE mapper
  PUBLIC "-//mybatis.org//DTD Mapper 3.0//EN"
  "http://mybatis.org/dtd/mybatis-3-mapper.dtd">
  
  <mapper namespace="com.company.qnaboard.mapper.QnaBoardMapper">
  
  <select id="getList" resultType="QnaBoardVO">
       <![CDATA[
    	 select*from(
		 select rownum as rn,
			a.*
			from
			   (select *
			   from QNA where ]]>	

			   <if test="searchType==null">1=1</if>
			   <if test="searchName=='' and searchType=='title'">1=1</if>
			   <if test="searchName=='' and searchType==''">1=1</if>
			   
			   
			   
			  
			    
			   
			   
			   	<![CDATA[			
			order by qno desc)  a)
			where rn > (#{pageNum}-1)*#{amount} and  rn <= #{pageNum}*#{amount}
           ]]>  </select>
  
	<insert id="regist">
		insert into QNA(qno,id,category,qtitle,qcontent)
		values(QNA_SEQ.NEXTVAL,#{id},#{category},#{qtitle},#{qcontent})
	</insert>
  
	<select id="qna_detail" resultType="QnaBoardVO">
		select*from qna where qno=#{qno}
	</select>
  
	<select id="qna_delete">
   		delete from qna where qno=#{qno}
	</select>
	<select id="getTotal" resultType="int">
	    select count(*) as total from QNA
	    where    
		<if test="searchType==null or searchType=='' or searchName==null or searchName==''">1=1</if>
	</select> 
  
   
  </mapper>