<?xml version="1.0" encoding="UTF-8"?>
<beans xmlns="http://www.springframework.org/schema/beans"
	xmlns:xsi="http://www.w3.org/2001/XMLSchema-instance"
	xmlns:mvc="http://www.springframework.org/schema/mvc"
	xmlns:context="http://www.springframework.org/schema/context"
	xsi:schemaLocation="http://www.springframework.org/schema/mvc http://www.springframework.org/schema/mvc/spring-mvc-4.3.xsd
		http://www.springframework.org/schema/beans http://www.springframework.org/schema/beans/spring-beans.xsd
		http://www.springframework.org/schema/context http://www.springframework.org/schema/context/spring-context-4.3.xsd">


 <bean id="userAuthHandler" class="com.company.util.interceptor.UserAuthHandler"  />
   <bean id="userLoginSuccessHandler" class="com.company.util.interceptor.UserLoginSuccessHandler"  />



   <mvc:interceptors>
       <mvc:interceptor>
           <mvc:mapping path="/partyboard/party_regist"/>
           <mvc:mapping path="/users/profile"/> 
           <mvc:mapping path="/users/othersprofile"/> 
           <mvc:mapping path="/partyboard/regist"/> 
                            
            <ref bean="userAuthHandler" />
      </mvc:interceptor> 
      
      <mvc:interceptor>
         <mvc:mapping path="/users/login"/>
         <ref bean="userLoginSuccessHandler" />
      </mvc:interceptor>
      <!-- 게시글 수정,삭제 권한 인터셉터 -->
      

      
      
      
      
      
      
   </mvc:interceptors>


</beans>
